{
  "_format": "hh-sol-cache-2",
  "files": {
    "D:\\code\\Dapp\\ddmoe(03)\\Hardhat\\hardhat\\contracts\\YourCollectible.sol": {
      "lastModificationDate": 1743037431166,
      "contentHash": "9ae343efd4dc947208679c738265859e",
      "sourceName": "contracts/YourCollectible.sol",
      "solcConfig": {
        "version": "0.8.28",
        "settings": {
          "evmVersion": "paris",
          "optimizer": {
            "enabled": false,
            "runs": 200
          },
          "outputSelection": {
            "*": {
              "*": [
                "abi",
                "evm.bytecode",
                "evm.deployedBytecode",
                "evm.methodIdentifiers",
                "metadata"
              ],
              "": [
                "ast"
              ]
            }
          }
        }
      },
      "imports": [],
      "versionPragmas": [
        "^0.8.0"
      ],
      "artifacts": [
        "YourCollectible"
      ]
    }
  }
}
