[
  {
    "inputs": [
      {
        "internalType": "uint256",
        "name": "_studentId",
        "type": "uint256"
      }
    ],
    "name": "get",
    "outputs": [
      {
        "internalType": "bool",
        "name": "exists",
        "type": "bool"
      },
      {
        "internalType": "string[]",
        "name": "subjectNames",
        "type": "string[]"
      },
      {
        "internalType": "uint256[]",
        "name": "scores",
        "type": "uint256[]"
      }
    ],
    "stateMutability": "view",
    "type": "function"
  },
  {
    "inputs": [
      {
        "internalType": "uint256",
        "name": "_studentId",
        "type": "uint256"
      },
      {
        "internalType": "string[]",
        "name": "_subjectNames",
        "type": "string[]"
      },
      {
        "internalType": "uint256[]",
        "name": "_scores",
        "type": "uint256[]"
      }
    ],
    "name": "set",
    "outputs": [],
    "stateMutability": "nonpayable",
    "type": "function"
  },
  {
    "inputs": [
      {
        "internalType": "uint256[]",
        "name": "_studentIds",
        "type": "uint256[]"
      },
      {
        "internalType": "string[][]",
        "name": "_subjectNamesArray",
        "type": "string[][]"
      },
      {
        "internalType": "uint256[][]",
        "name": "_scoresArray",
        "type": "uint256[][]"
      }
    ],
    "name": "setBatch",
    "outputs": [],
    "stateMutability": "nonpayable",
    "type": "function"
  },
  {
    "inputs": [
      {
        "internalType": "uint256",
        "name": "",
        "type": "uint256"
      }
    ],
    "name": "students",
    "outputs": [
      {
        "internalType": "bool",
        "name": "exists",
        "type": "bool"
      }
    ],
    "stateMutability": "view",
    "type": "function"
  }
]